utc_iso,epoch_ms,sensor,x,y,z,activity
2026-04-28T00:20:19.488316+00:00,1777335619488,mag,-78.099998,-7.300000,-24.800001,standing
2026-04-28T00:20:19.488933+00:00,1777335619488,acc,-0.361187,0.477980,0.889344,standing
2026-04-28T00:20:19.489550+00:00,1777335619489,gyro,27.421352,80.676300,87.332970,standing
2026-04-28T00:20:19.495789+00:00,1777335619495,mag,-78.099998,-7.300000,-24.800001,standing
2026-04-28T00:20:19.510875+00:00,1777335619510,acc,-0.384625,0.495559,0.881531,standing
2026-04-28T00:20:19.511428+00:00,1777335619511,gyro,29.558876,92.035698,92.463020,standing
2026-04-28T00:20:19.512042+00:00,1777335619512,mag,-78.099998,-7.300000,-24.800001,standing
2026-04-28T00:20:19.518310+00:00,1777335619518,acc,-0.399762,0.507766,0.892762,standing
2026-04-28T00:20:19.518923+00:00,1777335619518,gyro,31.696400,99.303276,96.982353,standing
2026-04-28T00:20:19.519523+00:00,1777335619519,mag,-78.500000,-2.500000,-26.800001,standing
2026-04-28T00:20:19.533460+00:00,1777335619533,acc,-0.430035,0.530227,0.888855,standing
2026-04-28T00:20:19.533933+00:00,1777335619533,gyro,30.352812,104.555473,101.623833,standing
2026-04-28T00:20:19.534574+00:00,1777335619534,mag,-78.500000,-2.500000,-26.800001,standing
2026-04-28T00:20:19.540844+00:00,1777335619540,acc,-0.440289,0.554641,0.843934,standing
2026-04-28T00:20:19.541520+00:00,1777335619541,gyro,26.260984,106.326569,105.166008,standing
2026-04-28T00:20:19.542051+00:00,1777335619542,mag,-78.500000,-2.500000,-26.800001,standing
2026-04-28T00:20:19.548323+00:00,1777335619548,acc,-0.413922,0.549270,0.801941,standing
2026-04-28T00:20:19.548903+00:00,1777335619548,gyro,22.291302,107.059425,108.952477,standing
2026-04-28T00:20:19.549551+00:00,1777335619549,mag,-78.500000,-2.500000,-26.800001,standing
2026-04-28T00:20:19.555828+00:00,1777335619555,acc,-0.379254,0.528762,0.778992,standing
2026-04-28T00:20:19.556440+00:00,1777335619556,gyro,20.947714,107.303719,112.922165,standing
2026-04-28T00:20:19.557586+00:00,1777335619557,mag,-73.700005,4.700000,-29.100000,standing
2026-04-28T00:20:19.563329+00:00,1777335619563,acc,-0.382184,0.523391,0.790223,standing
2026-04-28T00:20:19.563919+00:00,1777335619563,gyro,22.352373,107.548004,117.502571,standing
2026-04-28T00:20:19.565119+00:00,1777335619565,mag,-73.700005,4.700000,-29.100000,standing
2026-04-28T00:20:19.578322+00:00,1777335619578,acc,-0.431988,0.541945,0.844422,standing
2026-04-28T00:20:19.578880+00:00,1777335619578,gyro,24.001318,106.876213,122.388329,standing
2026-04-28T00:20:19.579505+00:00,1777335619579,mag,-73.700005,4.700000,-29.100000,standing
2026-04-28T00:20:19.585769+00:00,1777335619585,acc,-0.504254,0.583938,0.869324,standing
2026-04-28T00:20:19.586384+00:00,1777335619586,gyro,22.779879,107.670151,128.373383,standing
2026-04-28T00:20:19.587584+00:00,1777335619587,mag,-73.700005,4.700000,-29.100000,standing
2026-04-28T00:20:19.593314+00:00,1777335619593,acc,-0.523297,0.606398,0.844910,standing
2026-04-28T00:20:19.593884+00:00,1777335619593,gyro,19.176624,108.647308,133.747726,standing
2026-04-28T00:20:19.595049+00:00,1777335619595,mag,-68.500000,10.600000,-28.000000,standing
2026-04-28T00:20:19.600758+00:00,1777335619600,acc,-0.492047,0.588820,0.807312,standing
2026-04-28T00:20:19.608288+00:00,1777335619608,gyro,16.184095,108.341942,137.289917,standing
2026-04-28T00:20:19.608880+00:00,1777335619608,mag,-68.500000,10.600000,-28.000000,standing
2026-04-28T00:20:19.609524+00:00,1777335619609,acc,-0.486187,0.588332,0.781434,standing
2026-04-28T00:20:19.615793+00:00,1777335619615,gyro,13.374781,114.449150,137.045624,standing
2026-04-28T00:20:19.616911+00:00,1777335619616,mag,-68.500000,10.600000,-28.000000,standing
2026-04-28T00:20:19.623295+00:00,1777335619623,acc,-0.461285,0.600051,0.746277,standing
2026-04-28T00:20:19.623885+00:00,1777335619623,gyro,8.489017,124.526039,135.885254,standing
2026-04-28T00:20:19.625047+00:00,1777335619625,mag,-68.500000,10.600000,-28.000000,standing
2026-04-28T00:20:19.630765+00:00,1777335619630,acc,-0.423687,0.584914,0.699402,standing
2026-04-28T00:20:19.631400+00:00,1777335619631,gyro,2.870387,136.740433,134.908096,standing
2026-04-28T00:20:19.632554+00:00,1777335619632,mag,-59.100002,18.500000,-30.000000,standing
2026-04-28T00:20:19.645829+00:00,1777335619645,acc,-0.394879,0.555617,0.659852,standing
2026-04-28T00:20:19.646487+00:00,1777335619646,gyro,0.000000,152.435959,134.969177,standing
2026-04-28T00:20:19.653434+00:00,1777335619653,mag,-59.100002,18.500000,-30.000000,standing
2026-04-28T00:20:19.654097+00:00,1777335619654,acc,-0.365094,0.546828,0.631043,standing
2026-04-28T00:20:19.654624+00:00,1777335619654,gyro,-1.954306,167.642899,137.289917,standing
2026-04-28T00:20:19.660817+00:00,1777335619660,mag,-59.100002,18.500000,-30.000000,standing
2026-04-28T00:20:19.661403+00:00,1777335619661,acc,-0.369488,0.547805,0.599793,standing
2026-04-28T00:20:19.662004+00:00,1777335619661,gyro,-2.809314,177.414429,142.603180,standing
2026-04-28T00:20:19.668291+00:00,1777335619668,mag,-59.100002,18.500000,-30.000000,standing
2026-04-28T00:20:19.675663+00:00,1777335619675,acc,-0.420270,0.543898,0.580750,standing
2026-04-28T00:20:19.676299+00:00,1777335619676,gyro,-1.282513,177.597641,147.550018,standing
2026-04-28T00:20:19.677431+00:00,1777335619677,mag,-51.600002,22.900000,-27.900000,standing
2026-04-28T00:20:19.683148+00:00,1777335619683,acc,-0.505719,0.540480,0.596863,standing
2026-04-28T00:20:19.683753+00:00,1777335619683,gyro,0.916081,167.398621,152.008270,standing
2026-04-28T00:20:19.684923+00:00,1777335619684,mag,-51.600002,22.900000,-27.900000,standing
2026-04-28T00:20:19.698142+00:00,1777335619698,acc,-0.577984,0.568801,0.624207,standing
2026-04-28T00:20:19.698749+00:00,1777335619698,gyro,-1.771090,152.680267,157.138321,standing
2026-04-28T00:20:19.699377+00:00,1777335619699,mag,-51.600002,22.900000,-27.900000,standing
2026-04-28T00:20:19.705641+00:00,1777335619705,acc,-0.588238,0.605422,0.648133,standing
2026-04-28T00:20:19.706265+00:00,1777335619706,gyro,-7.145431,140.649063,161.230164,standing
2026-04-28T00:20:19.707420+00:00,1777335619707,mag,-51.600002,22.900000,-27.900000,standing
2026-04-28T00:20:19.713127+00:00,1777335619713,acc,-0.548199,0.608840,0.670594,standing
2026-04-28T00:20:19.720693+00:00,1777335619720,gyro,-12.458700,133.381500,162.207306,standing
2026-04-28T00:20:19.735767+00:00,1777335619735,mag,-36.200001,30.500000,-29.300001,standing
2026-04-28T00:20:19.736374+00:00,1777335619736,acc,-0.494000,0.595168,0.677430,standing
2026-04-28T00:20:19.736987+00:00,1777335619736,gyro,-16.123024,133.076126,161.230164,standing
2026-04-28T00:20:19.743303+00:00,1777335619743,mag,-36.200001,30.500000,-29.300001,standing
2026-04-28T00:20:19.743905+00:00,1777335619743,acc,-0.433941,0.588820,0.653504,standing
2026-04-28T00:20:19.744502+00:00,1777335619744,gyro,-19.176624,140.221558,160.253006,standing
2026-04-28T00:20:19.750754+00:00,1777335619750,mag,-36.200001,30.500000,-29.300001,standing
2026-04-28T00:20:19.765775+00:00,1777335619765,acc,-0.388043,0.593703,0.608094,standing
2026-04-28T00:20:19.766373+00:00,1777335619766,gyro,-22.596663,154.451340,158.909424,standing
2026-04-28T00:20:19.766993+00:00,1777335619766,mag,-36.200001,30.500000,-29.300001,standing
2026-04-28T00:20:19.773311+00:00,1777335619773,acc,-0.379254,0.598586,0.564148,standing
2026-04-28T00:20:19.773875+00:00,1777335619773,gyro,-26.016697,176.803726,156.283310,standing
2026-04-28T00:20:19.774495+00:00,1777335619774,mag,-29.200001,30.500000,-28.100000,standing
2026-04-28T00:20:19.780767+00:00,1777335619780,acc,-0.404645,0.597121,0.515809,standing
2026-04-28T00:20:19.781384+00:00,1777335619781,gyro,-28.764940,196.041412,154.451157,standing
2026-04-28T00:20:19.781989+00:00,1777335619781,mag,-29.200001,30.500000,-28.100000,standing
2026-04-28T00:20:19.788290+00:00,1777335619788,acc,-0.480328,0.602004,0.456238,standing
2026-04-28T00:20:19.788865+00:00,1777335619788,gyro,-33.467487,209.171906,155.122955,standing
2026-04-28T00:20:19.789489+00:00,1777335619789,mag,-29.200001,30.500000,-28.100000,standing
2026-04-28T00:20:19.803434+00:00,1777335619803,acc,-0.535016,0.599074,0.430359,standing
2026-04-28T00:20:19.803955+00:00,1777335619803,gyro,-34.505711,215.279114,155.733673,standing
2026-04-28T00:20:19.804549+00:00,1777335619804,mag,-29.200001,30.500000,-28.100000,standing
2026-04-28T00:20:19.825799+00:00,1777335619825,acc,-0.555035,0.583938,0.440125,standing
2026-04-28T00:20:19.826388+00:00,1777335619826,gyro,-32.551407,212.103363,157.016190,standing
2026-04-28T00:20:19.827018+00:00,1777335619827,mag,-10.000000,34.700001,-28.700001,standing
2026-04-28T00:20:19.833277+00:00,1777335619833,acc,-0.612652,0.605910,0.497254,standing
2026-04-28T00:20:19.848335+00:00,1777335619848,gyro,-31.513184,201.660049,154.451157,standing
2026-04-28T00:20:19.848917+00:00,1777335619848,mag,-10.000000,34.700001,-28.700001,standing
2026-04-28T00:20:19.849519+00:00,1777335619849,acc,-0.675641,0.664016,0.587586,standing
2026-04-28T00:20:19.855741+00:00,1777335619855,gyro,-33.589630,188.285263,151.886124,standing
2026-04-28T00:20:19.856373+00:00,1777335619856,mag,-10.000000,34.700001,-28.700001,standing
2026-04-28T00:20:19.856988+00:00,1777335619856,acc,-0.689313,0.698195,0.650574,standing
2026-04-28T00:20:19.878308+00:00,1777335619878,gyro,-39.880054,175.399063,151.763977,standing
2026-04-28T00:20:19.878938+00:00,1777335619878,mag,-10.000000,34.700001,-28.700001,standing
2026-04-28T00:20:19.879544+00:00,1777335619879,acc,-0.654156,0.697707,0.671570,standing
2026-04-28T00:20:19.885759+00:00,1777335619885,gyro,-45.498684,167.154327,150.725769,standing
2026-04-28T00:20:19.886375+00:00,1777335619886,mag,-2.200000,35.100002,-28.300001,standing
2026-04-28T00:20:19.886996+00:00,1777335619886,acc,-0.586773,0.666945,0.646668,standing
2026-04-28T00:20:19.893322+00:00,1777335619893,gyro,-49.712654,168.314697,147.672165,standing
2026-04-28T00:20:19.900800+00:00,1777335619900,mag,-2.200000,35.100002,-28.300001,standing
2026-04-28T00:20:19.901409+00:00,1777335619901,acc,-0.491559,0.638137,0.589051,standing
2026-04-28T00:20:19.901991+00:00,1777335619901,gyro,-54.293060,180.101608,143.274979,standing
2026-04-28T00:20:19.915834+00:00,1777335619915,mag,-2.200000,35.100002,-28.300001,standing
2026-04-28T00:20:19.916400+00:00,1777335619916,acc,-0.422223,0.625441,0.526551,standing
2026-04-28T00:20:19.917000+00:00,1777335619916,gyro,-56.613796,196.529999,137.900620,standing
2026-04-28T00:20:19.923367+00:00,1777335619923,mag,-2.200000,35.100002,-28.300001,standing
2026-04-28T00:20:19.924495+00:00,1777335619924,acc,-0.429547,0.613723,0.455750,standing
2026-04-28T00:20:19.924819+00:00,1777335619924,gyro,-53.193764,209.904770,130.938431,standing
2026-04-28T00:20:19.930791+00:00,1777335619930,mag,-2.200000,35.100002,-28.300001,standing
2026-04-28T00:20:19.931457+00:00,1777335619931,acc,-0.529156,0.600539,0.390809,standing
2026-04-28T00:20:19.932007+00:00,1777335619931,gyro,-45.376541,204.591507,123.609772,standing
2026-04-28T00:20:19.953310+00:00,1777335619953,mag,10.200000,37.900002,-27.000000,standing
2026-04-28T00:20:19.953872+00:00,1777335619953,acc,-0.667828,0.613234,0.363465,standing
2026-04-28T00:20:19.960754+00:00,1777335619960,gyro,-44.949032,176.376221,118.907227,standing
2026-04-28T00:20:19.961369+00:00,1777335619961,mag,10.200000,37.900002,-27.000000,standing
2026-04-28T00:20:19.961991+00:00,1777335619961,acc,-0.770367,0.664504,0.401551,standing
2026-04-28T00:20:19.975789+00:00,1777335619975,gyro,-51.239456,139.855118,115.853622,standing
2026-04-28T00:20:19.983284+00:00,1777335619983,mag,10.200000,37.900002,-27.000000,standing
2026-04-28T00:20:19.990762+00:00,1777335619990,acc,-0.791363,0.703566,0.473816,standing
2026-04-28T00:20:19.991365+00:00,1777335619991,gyro,-55.942005,109.135880,112.738945,standing
2026-04-28T00:20:19.992022+00:00,1777335619992,mag,10.200000,37.900002,-27.000000,standing
2026-04-28T00:20:19.998349+00:00,1777335619998,acc,-0.724469,0.697707,0.519227,standing
2026-04-28T00:20:19.998886+00:00,1777335619998,gyro,-58.445957,87.638512,109.746414,standing
2026-04-28T00:20:19.999523+00:00,1777335619999,mag,15.300000,39.000000,-23.700001,standing
2026-04-28T00:20:20.005905+00:00,1777335620005,acc,-0.634625,0.651320,0.521668,standing
2026-04-28T00:20:20.006424+00:00,1777335620006,gyro,-56.247364,74.935524,107.181381,standing
2026-04-28T00:20:20.007009+00:00,1777335620006,mag,15.300000,39.000000,-23.700001,standing
2026-04-28T00:20:20.020790+00:00,1777335620020,acc,-0.542340,0.606887,0.498230,standing
2026-04-28T00:20:20.028319+00:00,1777335620028,gyro,-50.506592,72.614784,104.127792,standing
2026-04-28T00:20:20.028994+00:00,1777335620028,mag,15.300000,39.000000,-23.700001,standing
2026-04-28T00:20:20.029514+00:00,1777335620029,acc,-0.439801,0.593215,0.464051,standing
2026-04-28T00:20:20.035764+00:00,1777335620035,gyro,-44.643677,80.370941,99.058800,standing
2026-04-28T00:20:20.036401+00:00,1777335620036,mag,15.300000,39.000000,-23.700001,standing
2026-04-28T00:20:20.058404+00:00,1777335620058,acc,-0.357770,0.601516,0.433777,standing
2026-04-28T00:20:20.058981+00:00,1777335620058,gyro,-40.429707,97.593262,92.401947,standing
2026-04-28T00:20:20.059569+00:00,1777335620059,acc,-0.336773,0.612258,0.405945,standing
2026-04-28T00:20:20.065832+00:00,1777335620065,gyro,-36.398945,122.510658,86.294746,standing
2026-04-28T00:20:20.066527+00:00,1777335620066,mag,22.700001,39.600002,-19.200001,standing
2026-04-28T00:20:20.067037+00:00,1777335620067,acc,-0.356305,0.616164,0.375672,standing
2026-04-28T00:20:20.088365+00:00,1777335620088,acc,-0.423687,0.591262,0.309754,standing
2026-04-28T00:20:20.088949+00:00,1777335620088,acc,-0.549176,0.592238,0.256531,standing
2026-04-28T00:20:20.089517+00:00,1777335620089,gyro,-16.061951,142.908722,76.278923,standing
2026-04-28T00:20:20.095777+00:00,1777335620095,mag,25.300001,40.700001,-18.000000,standing
2026-04-28T00:20:20.096473+00:00,1777335620096,acc,-0.630230,0.651320,0.275574,standing
2026-04-28T00:20:20.097042+00:00,1777335620097,gyro,-19.909491,122.266373,73.469612,standing
2026-04-28T00:20:20.103298+00:00,1777335620103,mag,25.300001,40.700001,-18.000000,standing
2026-04-28T00:20:20.103871+00:00,1777335620103,acc,-0.642926,0.700148,0.326844,standing
2026-04-28T00:20:20.104494+00:00,1777335620104,gyro,-22.657734,101.318657,73.103172,standing
2026-04-28T00:20:20.110761+00:00,1777335620110,mag,25.300001,40.700001,-18.000000,standing
2026-04-28T00:20:20.111367+00:00,1777335620111,acc,-0.634137,0.711379,0.386414,standing
2026-04-28T00:20:20.111993+00:00,1777335620111,gyro,-22.963093,83.852043,71.454231,standing
2026-04-28T00:20:20.125753+00:00,1777335620125,mag,25.300001,40.700001,-18.000000,standing
2026-04-28T00:20:20.126388+00:00,1777335620126,acc,-0.606793,0.708449,0.427430,standing
2026-04-28T00:20:20.127021+00:00,1777335620127,gyro,-20.520210,71.332275,69.683144,standing
2026-04-28T00:20:20.133290+00:00,1777335620133,mag,31.000000,36.799999,-12.500000,standing
2026-04-28T00:20:20.133867+00:00,1777335620133,acc,-0.477398,0.706984,0.440613,standing
2026-04-28T00:20:20.134487+00:00,1777335620134,gyro,-15.023726,65.347221,65.774536,standing
2026-04-28T00:20:20.140752+00:00,1777335620140,acc,-0.411480,0.709426,0.417664,standing
2026-04-28T00:20:20.155757+00:00,1777335620155,gyro,-12.275483,75.973755,63.270580,standing
2026-04-28T00:20:20.170766+00:00,1777335620170,mag,31.000000,36.799999,-12.500000,standing
2026-04-28T00:20:20.171389+00:00,1777335620171,acc,-0.365582,0.705520,0.399109,standing
2026-04-28T00:20:20.171988+00:00,1777335620171,acc,-0.335309,0.691359,0.366395,standing
2026-04-28T00:20:20.178459+00:00,1777335620178,gyro,-7.939368,118.663116,58.201595,standing
2026-04-28T00:20:20.193344+00:00,1777335620193,acc,-0.350445,0.671828,0.316590,standing
2026-04-28T00:20:20.200969+00:00,1777335620200,gyro,-2.381810,135.335785,57.651951,standing
2026-04-28T00:20:20.208445+00:00,1777335620208,mag,32.799999,37.100002,-10.500000,standing
2026-04-28T00:20:20.215863+00:00,1777335620215,acc,-0.416852,0.670852,0.269715,standing
2026-04-28T00:20:20.216499+00:00,1777335620216,gyro,1.710018,142.542282,58.568031,standing
2026-04-28T00:20:20.217063+00:00,1777335620217,mag,32.799999,37.100002,-10.500000,standing
2026-04-28T00:20:20.238444+00:00,1777335620238,acc,-0.472027,0.694777,0.265809,standing
2026-04-28T00:20:20.238900+00:00,1777335620238,gyro,1.893234,143.824814,58.934460,standing
2026-04-28T00:20:20.239532+00:00,1777335620239,mag,36.200001,35.200001,-7.000000,standing
2026-04-28T00:20:20.245867+00:00,1777335620245,acc,-0.515484,0.732863,0.307312,standing
2026-04-28T00:20:20.246446+00:00,1777335620246,gyro,2.381810,147.366989,58.445889,standing
2026-04-28T00:20:20.247049+00:00,1777335620247,mag,36.200001,35.200001,-7.000000,standing
2026-04-28T00:20:20.260767+00:00,1777335620260,acc,-0.534527,0.780227,0.348328,standing
2026-04-28T00:20:20.268216+00:00,1777335620268,gyro,2.992531,154.512421,60.583405,standing
2026-04-28T00:20:20.268826+00:00,1777335620268,mag,36.200001,35.200001,-7.000000,standing
2026-04-28T00:20:20.275703+00:00,1777335620275,acc,-0.513043,0.813430,0.362977,standing
2026-04-28T00:20:20.276325+00:00,1777335620276,gyro,3.542179,159.398178,64.492020,standing
2026-04-28T00:20:20.276937+00:00,1777335620276,acc,-0.494977,0.822219,0.351746,standing
2026-04-28T00:20:20.283183+00:00,1777335620283,acc,-0.536480,0.848586,0.320496,standing
2026-04-28T00:20:20.283801+00:00,1777335620283,gyro,6.901143,154.573486,65.408104,standing
2026-04-28T00:20:20.284427+00:00,1777335620284,mag,40.600002,33.400002,-3.400000,standing
2026-04-28T00:20:20.298293+00:00,1777335620298,acc,-0.529156,0.848586,0.292176,standing
2026-04-28T00:20:20.298869+00:00,1777335620298,acc,-0.499371,0.854934,0.269715,standing
2026-04-28T00:20:20.299484+00:00,1777335620299,acc,-0.481793,0.874953,0.266297,standing
2026-04-28T00:20:20.305961+00:00,1777335620305,gyro,1.587873,123.487816,62.782005,standing
2026-04-28T00:20:20.306467+00:00,1777335620306,acc,-0.514020,0.890090,0.262879,standing
2026-04-28T00:20:20.307080+00:00,1777335620307,gyro,0.732865,113.655212,58.873390,standing
2026-04-28T00:20:20.313418+00:00,1777335620313,acc,-0.553570,0.898879,0.251160,standing
2026-04-28T00:20:20.313924+00:00,1777335620313,acc,-0.535992,0.890090,0.227234,standing
2026-04-28T00:20:20.314530+00:00,1777335620314,gyro,0.732865,105.044052,58.140526,standing
2026-04-28T00:20:20.335780+00:00,1777335620335,acc,-0.491559,0.862258,0.201844,standing
2026-04-28T00:20:20.336500+00:00,1777335620336,gyro,1.710018,104.982971,57.835163,standing
2026-04-28T00:20:20.337002+00:00,1777335620336,mag,47.799999,29.200001,5.400000,standing
2026-04-28T00:20:20.343284+00:00,1777335620343,acc,-0.451520,0.838332,0.184754,standing
2026-04-28T00:20:20.343870+00:00,1777335620343,acc,-0.411480,0.832473,0.182313,standing
2026-04-28T00:20:20.350843+00:00,1777335620350,gyro,7.084359,118.113464,56.919083,standing
2026-04-28T00:20:20.351384+00:00,1777335620351,mag,47.799999,29.200001,5.400000,standing
2026-04-28T00:20:20.352107+00:00,1777335620352,acc,-0.399762,0.855910,0.187684,standing
2026-04-28T00:20:20.358278+00:00,1777335620358,gyro,10.870826,126.846779,56.552654,standing
2026-04-28T00:20:20.358871+00:00,1777335620358,acc,-0.423199,0.903762,0.191590,standing
2026-04-28T00:20:20.359491+00:00,1777335620359,gyro,15.573374,134.602921,56.003002,standing
2026-04-28T00:20:20.365766+00:00,1777335620365,mag,48.200001,24.800001,7.700000,standing
2026-04-28T00:20:20.373286+00:00,1777335620373,acc,-0.445172,0.940871,0.181336,standing
2026-04-28T00:20:20.380766+00:00,1777335620380,gyro,16.916962,136.801529,57.835163,standing
2026-04-28T00:20:20.418303+00:00,1777335620418,mag,48.200001,24.800001,7.700000,standing
2026-04-28T00:20:20.418868+00:00,1777335620418,acc,-0.451031,0.947219,0.161805,standing
2026-04-28T00:20:20.419500+00:00,1777335620419,gyro,15.939806,134.297577,59.545185,standing
2026-04-28T00:20:20.440838+00:00,1777335620440,mag,48.200001,24.800001,7.700000,standing
2026-04-28T00:20:20.448343+00:00,1777335620448,acc,-0.434430,0.925734,0.133484,standing
2026-04-28T00:20:20.449005+00:00,1777335620448,gyro,15.206943,131.732529,60.827694,standing
2026-04-28T00:20:20.449507+00:00,1777335620449,mag,49.299999,22.900000,11.800000,standing
2026-04-28T00:20:20.455786+00:00,1777335620455,acc,-0.395855,0.890578,0.096375,standing
2026-04-28T00:20:20.456421+00:00,1777335620456,acc,-0.360211,0.856398,0.050965,standing
2026-04-28T00:20:20.457011+00:00,1777335620457,gyro,14.351934,125.442116,60.033752,standing
2026-04-28T00:20:20.470992+00:00,1777335620470,acc,-0.330426,0.828566,-0.006652,standing
2026-04-28T00:20:20.485793+00:00,1777335620485,gyro,13.313708,118.663116,58.140526,standing
2026-04-28T00:20:20.486433+00:00,1777335620486,mag,49.299999,22.900000,11.800000,standing
2026-04-28T00:20:20.493315+00:00,1777335620493,acc,-0.320172,0.821730,-0.033508,standing
2026-04-28T00:20:20.493877+00:00,1777335620493,gyro,9.710458,105.105118,54.903706,standing
2026-04-28T00:20:20.494494+00:00,1777335620494,mag,49.700001,19.600000,15.100000,standing
2026-04-28T00:20:20.523337+00:00,1777335620523,acc,-0.362164,0.833449,-0.023254,standing
2026-04-28T00:20:20.530809+00:00,1777335620530,gyro,7.450791,85.378845,50.934025,standing
2026-04-28T00:20:20.531439+00:00,1777335620531,mag,49.700001,19.600000,15.100000,standing
2026-04-28T00:20:20.532107+00:00,1777335620532,acc,-0.449078,0.861770,0.015320,standing
2026-04-28T00:20:20.553416+00:00,1777335620553,gyro,6.840070,61.866104,46.903267,standing
2026-04-28T00:20:20.553930+00:00,1777335620553,acc,-0.517438,0.883742,0.056336,standing
2026-04-28T00:20:20.554509+00:00,1777335620554,acc,-0.383648,0.807082,0.110535,standing
2026-04-28T00:20:20.560896+00:00,1777335620560,gyro,10.626538,-3.297780,51.178310,standing
2026-04-28T00:20:20.561449+00:00,1777335620561,acc,-0.339215,0.806594,0.103699,standing
2026-04-28T00:20:20.590880+00:00,1777335620590,acc,-0.337262,0.874465,0.088563,standing
2026-04-28T00:20:20.635853+00:00,1777335620635,gyro,22.596663,2.626209,53.987625,standing
2026-04-28T00:20:20.643359+00:00,1777335620643,mag,49.900002,14.100000,17.100000,standing
2026-04-28T00:20:20.643943+00:00,1777335620643,acc,-0.335309,0.915969,0.084656,standing
2026-04-28T00:20:20.658351+00:00,1777335620658,gyro,23.879175,9.649496,54.048698,standing
2026-04-28T00:20:20.665852+00:00,1777335620665,mag,49.900002,14.100000,17.100000,standing
2026-04-28T00:20:20.666421+00:00,1777335620666,acc,-0.317730,0.947219,0.073426,standing
2026-04-28T00:20:20.667108+00:00,1777335620667,gyro,23.451670,16.611712,54.231915,standing
2026-04-28T00:20:20.703223+00:00,1777335620703,acc,-0.327496,0.981398,0.053895,standing
2026-04-28T00:20:20.703780+00:00,1777335620703,gyro,19.054483,29.314697,52.460823,standing
2026-04-28T00:20:20.718167+00:00,1777335620718,acc,-0.368023,0.992141,0.049012,standing
2026-04-28T00:20:20.718775+00:00,1777335620718,gyro,17.344465,34.505825,51.300457,standing
2026-04-28T00:20:20.748363+00:00,1777335620748,mag,48.400002,12.900001,17.900000,standing
2026-04-28T00:20:20.763339+00:00,1777335620763,acc,-0.393414,1.033156,0.051941,standing
2026-04-28T00:20:20.763945+00:00,1777335620763,gyro,12.886204,48.369179,50.323299,standing
2026-04-28T00:20:20.764626+00:00,1777335620764,acc,-0.375836,1.040969,0.051453,standing
2026-04-28T00:20:20.770790+00:00,1777335620770,acc,-0.355816,1.037063,0.034852,standing
2026-04-28T00:20:20.816002+00:00,1777335620815,gyro,11.359403,60.644665,44.093948,standing
2026-04-28T00:20:20.868661+00:00,1777335620868,mag,47.400002,8.100000,21.600000,standing
2026-04-28T00:20:20.883367+00:00,1777335620883,acc,-0.359234,1.023879,0.037293,standing
2026-04-28T00:20:20.935954+00:00,1777335620935,gyro,10.870826,63.942554,40.368557,standing
2026-04-28T00:20:20.965962+00:00,1777335620965,mag,47.400002,8.100000,21.600000,standing
2026-04-28T00:20:20.966607+00:00,1777335620966,acc,-0.356793,0.999465,0.040711,standing
2026-04-28T00:20:20.967026+00:00,1777335620967,acc,-0.373395,1.017043,0.017762,standing
2026-04-28T00:20:20.988373+00:00,1777335620988,acc,-0.353863,1.005813,0.007996,standing
2026-04-28T00:20:20.988938+00:00,1777335620988,gyro,-0.244288,24.123575,1.282439,standing
2026-04-28T00:20:20.989536+00:00,1777335620989,acc,-0.338238,0.993117,-0.001281,standing
2026-04-28T00:20:21.003321+00:00,1777335621003,acc,-0.376812,0.483840,0.001160,standing
2026-04-28T00:20:21.003930+00:00,1777335621003,gyro,0.671793,-2.992419,180.162491,standing
2026-04-28T00:20:21.005059+00:00,1777335621005,acc,-0.456891,0.965285,0.031922,standing
2026-04-28T00:20:21.018320+00:00,1777335621018,acc,-0.157574,1.050734,0.010926,standing
2026-04-28T00:20:21.025779+00:00,1777335621025,gyro,8.122583,11.848090,-12.703062,standing
2026-04-28T00:20:21.026388+00:00,1777335621026,acc,-0.265973,1.019484,0.008484,standing
2026-04-28T00:20:21.026997+00:00,1777335621026,gyro,1.648946,8.733416,-36.154732,standing
2026-04-28T00:20:21.033296+00:00,1777335621033,acc,-0.262066,0.979445,0.021668,standing
2026-04-28T00:20:21.055805+00:00,1777335621055,acc,-0.236188,0.998977,0.010926,standing
2026-04-28T00:20:21.056430+00:00,1777335621056,gyro,10.015818,0.549760,-24.367826,standing
2026-04-28T00:20:21.070802+00:00,1777335621070,mag,45.000000,3.500000,24.800001,standing
2026-04-28T00:20:21.071423+00:00,1777335621071,acc,-0.248883,1.020949,-0.003234,standing
2026-04-28T00:20:21.072035+00:00,1777335621072,acc,-0.200055,1.212844,-0.000793,standing
2026-04-28T00:20:21.093494+00:00,1777335621093,acc,-0.218121,1.046828,0.039246,standing
2026-04-28T00:20:21.093957+00:00,1777335621093,acc,-0.286480,1.027785,0.007020,standing
2026-04-28T00:20:21.094549+00:00,1777335621094,acc,-0.198102,0.989211,0.000184,standing
2026-04-28T00:20:21.130794+00:00,1777335621130,acc,-0.248883,0.954543,0.013367,standing
2026-04-28T00:20:21.160796+00:00,1777335621160,gyro,4.824692,1.038336,-13.680215,standing
2026-04-28T00:20:21.175797+00:00,1777335621175,mag,48.700001,10.000000,22.700001,standing
2026-04-28T00:20:21.198312+00:00,1777335621198,acc,-0.227398,0.935500,0.013367,standing
2026-04-28T00:20:21.198943+00:00,1777335621198,gyro,5.801846,-0.366321,-7.939441,standing
2026-04-28T00:20:21.199510+00:00,1777335621199,acc,-0.231793,0.929152,0.015320,standing
2026-04-28T00:20:21.243554+00:00,1777335621243,acc,-0.236676,0.932082,0.012879,standing
2026-04-28T00:20:21.348476+00:00,1777335621348,gyro,7.695079,-3.480996,-4.641551,standing
2026-04-28T00:20:21.370928+00:00,1777335621370,mag,48.700001,11.000000,23.300001,standing
2026-04-28T00:20:21.385900+00:00,1777335621385,acc,-0.237652,0.939895,0.007996,standing
2026-04-28T00:20:21.393397+00:00,1777335621393,acc,-0.236676,0.951125,0.002137,standing
2026-04-28T00:20:21.475954+00:00,1777335621475,gyro,7.145431,-7.511752,-2.198668,standing
2026-04-28T00:20:21.490871+00:00,1777335621490,mag,48.700001,11.000000,23.300001,standing
2026-04-28T00:20:21.491473+00:00,1777335621491,acc,-0.237164,0.962355,-0.006652,standing
2026-04-28T00:20:21.492054+00:00,1777335621492,acc,-0.260602,0.961867,-0.010559,standing
2026-04-28T00:20:21.625970+00:00,1777335621625,gyro,4.458261,-15.023615,2.259592,standing
2026-04-28T00:20:21.626659+00:00,1777335621626,acc,-0.255230,0.963332,-0.003234,standing
2026-04-28T00:20:21.663247+00:00,1777335621663,gyro,3.847539,-16.122911,3.419961,standing
2026-04-28T00:20:21.663786+00:00,1777335621663,acc,-0.250836,0.963332,0.004578,standing
2026-04-28T00:20:21.715667+00:00,1777335621715,acc,-0.247906,0.957961,0.013855,standing
2026-04-28T00:20:21.768405+00:00,1777335621768,acc,-0.237652,0.953078,0.012391,standing
2026-04-28T00:20:21.768887+00:00,1777335621768,acc,-0.247906,0.954543,-0.025207,standing
2026-04-28T00:20:21.769516+00:00,1777335621769,acc,-0.259625,0.958449,-0.015930,standing
2026-04-28T00:20:21.798365+00:00,1777335621798,gyro,2.076450,-10.198922,10.137888,standing
2026-04-28T00:20:21.903423+00:00,1777335621903,acc,-0.279156,0.968703,-0.010070,standing
2026-04-28T00:20:22.060959+00:00,1777335622060,acc,-0.278668,0.972609,-0.018371,standing
2026-04-28T00:20:22.098592+00:00,1777335622098,gyro,-0.855009,-14.290751,12.519697,standing
2026-04-28T00:20:22.248560+00:00,1777335622248,acc,-0.274762,0.968215,-0.017395,standing
2026-04-28T00:20:22.338325+00:00,1777335622338,acc,-0.276227,0.971633,-0.017883,standing
2026-04-28T00:20:22.338842+00:00,1777335622338,acc,-0.261090,0.980422,-0.012023,standing
2026-04-28T00:20:22.339451+00:00,1777335622339,acc,-0.248395,0.987258,-0.001770,standing
2026-04-28T00:20:22.383493+00:00,1777335622383,acc,-0.263043,0.975539,-0.029113,standing
2026-04-28T00:20:22.443207+00:00,1777335622443,gyro,4.885765,-10.931787,12.397553,standing
2026-04-28T00:20:22.825897+00:00,1777335622825,acc,-0.265484,0.984816,-0.003723,standing
2026-04-28T00:20:22.960662+00:00,1777335622960,acc,-0.257672,0.998488,-0.003723,standing
2026-04-28T00:20:22.961227+00:00,1777335622961,gyro,7.756151,-19.787235,6.229276,standing
2026-04-28T00:20:23.035917+00:00,1777335623035,acc,-0.253766,1.008742,-0.013977,standing
2026-04-28T00:20:23.036422+00:00,1777335623036,acc,-0.187848,0.987746,-0.074523,standing
2026-04-28T00:20:23.238437+00:00,1777335623238,gyro,5.801846,-17.222208,2.564953,standing
2026-04-28T00:20:23.448525+00:00,1777335623448,acc,-0.230328,0.991652,-0.036926,standing
2026-04-28T00:20:23.449087+00:00,1777335623449,gyro,1.893234,-21.191893,0.671719,standing
2026-04-28T00:20:23.515952+00:00,1777335623515,acc,-0.190289,0.966750,-0.034484,standing
2026-04-28T00:20:23.553438+00:00,1777335623553,acc,-0.198102,0.964309,-0.055969,standing
2026-04-28T00:20:23.553931+00:00,1777335623553,gyro,2.076450,-8.427833,2.320664,standing
2026-04-28T00:20:23.830914+00:00,1777335623830,mag,46.400002,5.800000,14.700000,standing
2026-04-28T00:20:23.831455+00:00,1777335623831,acc,-0.186871,0.955520,-0.054016,standing
2026-04-28T00:20:24.040853+00:00,1777335624040,acc,-0.206867,0.979305,-0.039344,standing
2026-04-28T00:20:24.280980+00:00,1777335624280,acc,-0.194172,0.983211,-0.025672,standing
2026-04-28T00:20:24.385719+00:00,1777335624385,acc,-0.186848,0.979305,-0.018348,standing
2026-04-28T00:20:24.386303+00:00,1777335624386,acc,-0.190266,0.970027,-0.038855,standing
2026-04-28T00:20:24.386908+00:00,1777335624386,acc,-0.183918,0.982723,-0.053992,standing
2026-04-28T00:20:24.558450+00:00,1777335624558,gyro,0.549648,-6.839960,-2.626173,standing
2026-04-28T00:20:24.700965+00:00,1777335624700,acc,-0.182453,0.980770,-0.057410,standing
2026-04-28T00:20:24.708322+00:00,1777335624708,acc,-0.169758,0.977352,-0.051551,standing
2026-04-28T00:20:25.008210+00:00,1777335625008,acc,-0.209309,0.967098,-0.040809,standing
2026-04-28T00:20:25.008732+00:00,1777335625008,acc,-0.201008,0.975398,-0.058875,standing
2026-04-28T00:20:25.009359+00:00,1777335625009,acc,-0.201496,0.971980,-0.066199,standing
2026-04-28T00:20:25.113446+00:00,1777335625113,gyro,1.465729,-1.770979,1.709944,standing
2026-04-28T00:20:25.218422+00:00,1777335625218,acc,-0.181965,0.979305,-0.049598,standing
2026-04-28T00:20:25.218981+00:00,1777335625218,gyro,2.381810,-7.389608,0.060998,standing
2026-04-28T00:20:25.219575+00:00,1777335625219,acc,-0.195148,0.969051,-0.067176,standing
2026-04-28T00:20:25.285925+00:00,1777335625285,acc,-0.186848,0.968562,-0.057410,standing
2026-04-28T00:20:25.390871+00:00,1777335625390,acc,-0.182941,0.973934,-0.051551,standing
2026-04-28T00:20:25.533466+00:00,1777335625533,acc,-0.190754,0.975887,-0.058875,standing
2026-04-28T00:20:25.668306+00:00,1777335625668,acc,-0.200031,0.973445,-0.061316,standing
2026-04-28T00:20:25.735918+00:00,1777335625735,acc,-0.194172,0.965633,-0.066688,standing
2026-04-28T00:20:25.736422+00:00,1777335625736,gyro,0.000000,1.404768,0.671719,standing
2026-04-28T00:20:25.737052+00:00,1777335625737,mag,45.600002,-0.200000,5.200000,standing
2026-04-28T00:20:25.885996+00:00,1777335625885,acc,-0.192219,0.978328,-0.059852,standing
2026-04-28T00:20:25.886448+00:00,1777335625886,acc,-0.182941,0.971980,-0.063758,standing
2026-04-28T00:20:25.887039+00:00,1777335625887,acc,-0.192219,0.975398,-0.063270,standing
2026-04-28T00:20:25.945976+00:00,1777335625945,gyro,0.305360,-2.687059,-0.549723,standing
2026-04-28T00:20:25.946520+00:00,1777335625946,acc,-0.189289,0.970027,-0.068641,standing
2026-04-28T00:20:25.947094+00:00,1777335625947,acc,-0.194660,0.966609,-0.068152,standing
2026-04-28T00:20:26.013521+00:00,1777335626013,acc,-0.190266,0.975398,-0.062781,standing
2026-04-28T00:20:26.014014+00:00,1777335626013,gyro,0.244288,0.366543,0.427430,standing
2026-04-28T00:20:26.014668+00:00,1777335626014,acc,-0.185871,0.973934,-0.069617,standing
2026-04-28T00:20:26.051063+00:00,1777335626051,gyro,-0.183216,-0.671681,-0.122218,standing
2026-04-28T00:20:26.088496+00:00,1777335626088,acc,-0.182453,0.974422,-0.073035,standing
2026-04-28T00:20:26.118447+00:00,1777335626118,acc,-0.177082,0.976375,-0.071082,standing
2026-04-28T00:20:26.118996+00:00,1777335626118,acc,-0.185871,0.964168,-0.063270,standing
2026-04-28T00:20:26.119566+00:00,1777335626119,gyro,0.061072,-0.122033,-0.366506,standing
2026-04-28T00:20:26.223495+00:00,1777335626223,acc,-0.185383,0.967586,-0.069129,standing
2026-04-28T00:20:26.500960+00:00,1777335626500,acc,-0.178547,0.978328,-0.074012,standing
2026-04-28T00:20:26.501406+00:00,1777335626501,acc,-0.186848,0.975887,-0.069129,standing
2026-04-28T00:20:26.502222+00:00,1777335626502,acc,-0.171223,0.973934,-0.076453,standing
2026-04-28T00:20:26.545865+00:00,1777335626545,acc,-0.186359,0.971492,-0.072059,standing
2026-04-28T00:20:26.605709+00:00,1777335626605,acc,-0.187824,0.978328,-0.074988,standing
2026-04-28T00:20:26.606292+00:00,1777335626606,gyro,0.244288,-0.549537,-0.549723,standing
2026-04-28T00:20:26.778477+00:00,1777335626778,mag,45.299999,-0.600000,6.700000,standing
2026-04-28T00:20:26.779000+00:00,1777335626778,acc,-0.186848,0.978816,-0.072059,standing
2026-04-28T00:20:26.779554+00:00,1777335626779,gyro,-0.366432,0.488688,-0.061146,standing
2026-04-28T00:20:27.056316+00:00,1777335627056,mag,45.600002,-1.000000,6.300000,standing
2026-04-28T00:20:27.056986+00:00,1777335627056,acc,-0.174641,0.970516,-0.073035,standing
2026-04-28T00:20:27.057632+00:00,1777335627057,gyro,-0.183216,-0.854898,0.060998,standing
2026-04-28T00:20:27.100973+00:00,1777335627100,mag,45.299999,-0.300000,5.500000,standing
2026-04-28T00:20:27.101465+00:00,1777335627101,acc,-0.183918,0.976863,-0.075965,standing
2026-04-28T00:20:27.102113+00:00,1777335627102,gyro,-0.183216,3.175858,0.610646,standing
2026-04-28T00:20:27.183446+00:00,1777335627183,acc,-0.190754,0.973445,-0.070594,standing
2026-04-28T00:20:27.198391+00:00,1777335627198,acc,-0.186848,0.971980,-0.074012,standing
2026-04-28T00:20:27.205843+00:00,1777335627205,acc,-0.185383,0.974910,-0.069129,standing
2026-04-28T00:20:27.206473+00:00,1777335627206,acc,-0.181965,0.974910,-0.073523,standing
2026-04-28T00:20:27.228347+00:00,1777335627228,gyro,-0.244288,1.649057,-0.000074,standing
2026-04-28T00:20:27.228926+00:00,1777335627228,acc,-0.183430,0.970027,-0.070594,standing
2026-04-28T00:20:27.229579+00:00,1777335627229,acc,-0.188313,0.979793,-0.074012,standing
2026-04-28T00:20:27.378505+00:00,1777335627378,acc,-0.184406,0.970516,-0.074012,standing
2026-04-28T00:20:27.378981+00:00,1777335627378,gyro,-0.061072,1.099408,-0.244362,standing
2026-04-28T00:20:27.379627+00:00,1777335627379,acc,-0.191242,0.974910,-0.074012,standing
2026-04-28T00:20:27.438526+00:00,1777335627438,acc,-0.180012,0.972469,-0.074500,standing
2026-04-28T00:20:27.460985+00:00,1777335627460,acc,-0.184406,0.975887,-0.069129,standing
2026-04-28T00:20:27.505836+00:00,1777335627505,gyro,-0.122144,1.404768,-0.244362,standing
2026-04-28T00:20:27.610727+00:00,1777335627610,acc,-0.179523,0.974422,-0.074500,standing
2026-04-28T00:20:27.611295+00:00,1777335627611,gyro,0.061072,1.282624,-0.061146,standing
2026-04-28T00:20:27.611912+00:00,1777335627611,mag,45.600002,0.100000,6.700000,standing
2026-04-28T00:20:27.678510+00:00,1777335627678,acc,-0.182453,0.977352,-0.082801,standing
2026-04-28T00:20:27.679006+00:00,1777335627678,gyro,-0.122144,-2.015267,0.122070,standing
2026-04-28T00:20:27.828221+00:00,1777335627828,acc,-0.179035,0.976375,-0.083777,standing
2026-04-28T00:20:27.888208+00:00,1777335627888,acc,-0.168781,0.969539,-0.076941,standing
2026-04-28T00:20:27.888769+00:00,1777335627888,gyro,-0.183216,0.244399,0.427430,standing
2026-04-28T00:20:27.889390+00:00,1777335627889,mag,46.000000,1.200000,6.700000,standing
2026-04-28T00:20:27.933372+00:00,1777335627933,acc,-0.193684,0.969051,-0.075477,standing
2026-04-28T00:20:27.955898+00:00,1777335627955,acc,-0.189289,0.967586,-0.077430,standing
2026-04-28T00:20:28.038516+00:00,1777335628038,acc,-0.180988,0.967586,-0.077430,standing
2026-04-28T00:20:28.039003+00:00,1777335628038,gyro,-0.427504,-2.381699,0.183142,standing
2026-04-28T00:20:28.039597+00:00,1777335628039,acc,-0.176105,0.973445,-0.074500,standing
2026-04-28T00:20:28.233224+00:00,1777335628233,gyro,0.305360,-1.465618,0.122070,standing
2026-04-28T00:20:28.233778+00:00,1777335628233,acc,-0.176594,0.973445,-0.072059,standing
2026-04-28T00:20:28.315984+00:00,1777335628315,acc,-0.182453,0.972469,-0.075477,standing
2026-04-28T00:20:28.443492+00:00,1777335628443,gyro,-0.366432,1.343696,0.671719,standing
2026-04-28T00:20:28.585745+00:00,1777335628585,acc,-0.186359,0.969539,-0.074988,standing
2026-04-28T00:20:28.698528+00:00,1777335628698,acc,-0.182453,0.973445,-0.071082,standing
2026-04-28T00:20:28.893402+00:00,1777335628893,acc,-0.178547,0.978816,-0.076453,standing
2026-04-28T00:20:28.998206+00:00,1777335628998,acc,-0.170734,0.971004,-0.078406,standing
2026-04-28T00:20:29.043251+00:00,1777335629043,acc,-0.182941,0.973445,-0.079383,standing
2026-04-28T00:20:29.343477+00:00,1777335629343,gyro,0.732865,-2.992419,-0.610795,standing
2026-04-28T00:20:29.426011+00:00,1777335629425,mag,45.299999,-0.300000,5.500000,standing
2026-04-28T00:20:29.426443+00:00,1777335629426,acc,-0.170246,0.975398,-0.077430,standing
2026-04-28T00:20:29.531078+00:00,1777335629531,gyro,0.305360,1.343696,0.549574,standing
2026-04-28T00:20:29.553565+00:00,1777335629553,acc,-0.170246,0.968562,-0.081336,standing
2026-04-28T00:20:29.590732+00:00,1777335629590,acc,-0.182941,0.977840,-0.073035,standing
2026-04-28T00:20:29.658568+00:00,1777335629658,gyro,0.793937,1.099408,0.122070,standing
2026-04-28T00:20:29.659095+00:00,1777335629659,acc,-0.180500,0.980281,-0.074012,standing
2026-04-28T00:20:29.659643+00:00,1777335629659,acc,-0.178547,0.975887,-0.083289,standing
2026-04-28T00:20:29.703274+00:00,1777335629703,acc,-0.177570,0.976375,-0.077430,standing
2026-04-28T00:20:29.770727+00:00,1777335629770,acc,-0.180012,0.977352,-0.074500,standing
2026-04-28T00:20:29.771322+00:00,1777335629771,gyro,0.183216,0.366543,0.183142,standing
2026-04-28T00:20:29.785718+00:00,1777335629785,acc,-0.178547,0.974422,-0.080359,standing
2026-04-28T00:20:29.830842+00:00,1777335629830,acc,-0.175129,0.981258,-0.070105,standing
2026-04-28T00:20:29.831325+00:00,1777335629831,acc,-0.163410,0.977352,-0.076453,standing
2026-04-28T00:20:29.831927+00:00,1777335629831,acc,-0.188801,0.973445,-0.085242,standing
2026-04-28T00:20:30.048257+00:00,1777335630048,acc,-0.158039,0.968074,-0.089148,standing
2026-04-28T00:20:30.048800+00:00,1777335630048,gyro,0.610721,-0.732754,0.488502,standing
2026-04-28T00:20:30.085796+00:00,1777335630085,acc,-0.182941,0.973934,-0.090125,standing
2026-04-28T00:20:30.108229+00:00,1777335630108,acc,-0.164875,0.979793,-0.080359,standing
2026-04-28T00:20:30.108860+00:00,1777335630108,acc,-0.168781,0.971004,-0.089148,standing
2026-04-28T00:20:30.250737+00:00,1777335630250,acc,-0.166828,0.975398,-0.084266,standing
2026-04-28T00:20:30.513220+00:00,1777335630513,acc,-0.176594,0.961238,-0.085242,standing
2026-04-28T00:20:30.535744+00:00,1777335630535,acc,-0.182453,0.977352,-0.086707,standing
2026-04-28T00:20:30.536298+00:00,1777335630536,gyro,0.305360,-3.053492,-0.000074,standing
2026-04-28T00:20:30.536927+00:00,1777335630536,acc,-0.176594,0.976375,-0.085730,standing
2026-04-28T00:20:30.685776+00:00,1777335630685,acc,-0.180012,0.973934,-0.088172,standing
2026-04-28T00:20:30.978427+00:00,1777335630978,acc,-0.176105,0.975398,-0.086219,standing
2026-04-28T00:20:30.978902+00:00,1777335630978,acc,-0.174641,0.971492,-0.090613,standing
2026-04-28T00:20:31.008377+00:00,1777335631008,gyro,-0.183216,0.244399,0.244214,standing
2026-04-28T00:20:31.008936+00:00,1777335631008,acc,-0.175617,0.971004,-0.092078,standing
2026-04-28T00:20:31.009552+00:00,1777335631009,acc,-0.181477,0.976863,-0.088172,standing
2026-04-28T00:20:31.045837+00:00,1777335631045,acc,-0.168293,0.971980,-0.090613,standing
2026-04-28T00:20:31.046435+00:00,1777335631046,gyro,-0.122144,-0.060961,-0.855083,standing
2026-04-28T00:20:31.090922+00:00,1777335631090,acc,-0.164875,0.977840,-0.089637,standing
2026-04-28T00:20:31.240765+00:00,1777335631240,acc,-0.175129,0.967098,-0.084754,standing
2026-04-28T00:20:31.263377+00:00,1777335631263,gyro,0.183216,0.427616,0.183142,standing
2026-04-28T00:20:31.285866+00:00,1777335631285,mag,45.600002,-0.300000,6.700000,standing
2026-04-28T00:20:31.286461+00:00,1777335631286,acc,-0.177570,0.971980,-0.086707,standing
2026-04-28T00:20:31.287066+00:00,1777335631287,gyro,-0.183216,-0.244177,-0.671867,standing
2026-04-28T00:20:31.323528+00:00,1777335631323,acc,-0.176105,0.974422,-0.088172,standing
2026-04-28T00:20:31.323999+00:00,1777335631323,acc,-0.176594,0.972469,-0.093055,standing
2026-04-28T00:20:31.324613+00:00,1777335631324,gyro,0.122144,0.061183,-0.488651,standing
2026-04-28T00:20:31.368376+00:00,1777335631368,acc,-0.180012,0.965145,-0.088660,standing
2026-04-28T00:20:31.368931+00:00,1777335631368,acc,-0.173664,0.970027,-0.085242,standing
2026-04-28T00:20:31.495741+00:00,1777335631495,acc,-0.176105,0.979305,-0.089148,standing
2026-04-28T00:20:31.496294+00:00,1777335631496,gyro,-0.244288,0.855120,0.305286,standing
2026-04-28T00:20:31.496926+00:00,1777335631496,mag,46.000000,-0.600000,7.100000,standing
2026-04-28T00:20:31.541123+00:00,1777335631541,acc,-0.190754,0.971492,-0.089637,standing
2026-04-28T00:20:31.541454+00:00,1777335631541,acc,-0.174641,0.973934,-0.087195,standing
2026-04-28T00:20:31.563318+00:00,1777335631563,gyro,0.000000,1.343696,0.427430,standing
2026-04-28T00:20:31.645720+00:00,1777335631645,acc,-0.182941,0.973934,-0.085242,standing
2026-04-28T00:20:31.646291+00:00,1777335631646,gyro,0.061072,1.404768,0.183142,standing
2026-04-28T00:20:31.713600+00:00,1777335631713,acc,-0.185871,0.971980,-0.083289,standing
2026-04-28T00:20:31.713992+00:00,1777335631713,acc,-0.185383,0.971980,-0.086219,standing
2026-04-28T00:20:31.773455+00:00,1777335631773,gyro,0.000000,-1.038114,-0.244362,standing
2026-04-28T00:20:31.774131+00:00,1777335631774,acc,-0.170734,0.973445,-0.088660,standing
2026-04-28T00:20:31.774615+00:00,1777335631774,acc,-0.173664,0.967586,-0.094031,standing
2026-04-28T00:20:31.878521+00:00,1777335631878,acc,-0.171711,0.971004,-0.093055,standing
2026-04-28T00:20:31.946102+00:00,1777335631946,acc,-0.170734,0.976863,-0.093543,standing
2026-04-28T00:20:32.201011+00:00,1777335632200,acc,-0.175617,0.971492,-0.092566,standing
2026-04-28T00:20:32.268456+00:00,1777335632268,gyro,-0.122144,2.931570,-0.000074,standing
2026-04-28T00:20:32.269071+00:00,1777335632269,acc,-0.186848,0.971980,-0.086707,standing
2026-04-28T00:20:32.269627+00:00,1777335632269,gyro,-0.183216,2.259777,-0.366506,standing
2026-04-28T00:20:32.440943+00:00,1777335632440,acc,-0.186848,0.969539,-0.086707,standing
2026-04-28T00:20:32.583295+00:00,1777335632583,acc,-0.179035,0.977840,-0.088660,standing
2026-04-28T00:20:32.823479+00:00,1777335632823,gyro,-0.549648,0.916192,-0.488651,standing
2026-04-28T00:20:32.928574+00:00,1777335632928,acc,-0.181965,0.974910,-0.087195,standing
2026-04-28T00:20:32.929026+00:00,1777335632929,gyro,0.000000,2.198705,-0.427578,standing
2026-04-28T00:20:32.929614+00:00,1777335632929,acc,-0.185383,0.975398,-0.086707,standing
2026-04-28T00:20:33.033464+00:00,1777335633033,acc,-0.178547,0.969051,-0.092566,standing
2026-04-28T00:20:33.033970+00:00,1777335633033,gyro,0.122144,-1.709907,-0.000074,standing
2026-04-28T00:20:33.034570+00:00,1777335633034,acc,-0.178547,0.970027,-0.092566,standing
2026-04-28T00:20:33.378524+00:00,1777335633378,acc,-0.178059,0.974422,-0.088660,standing
2026-04-28T00:20:33.483552+00:00,1777335633483,gyro,-0.427504,0.610832,-0.549723,standing
2026-04-28T00:20:33.828581+00:00,1777335633828,acc,-0.180988,0.971004,-0.090613,standing
2026-04-28T00:20:33.865814+00:00,1777335633865,gyro,-0.305360,1.221552,-0.183290,standing
2026-04-28T00:20:33.866327+00:00,1777335633866,acc,-0.173664,0.973445,-0.092566,standing
2026-04-28T00:20:33.866951+00:00,1777335633866,gyro,0.122144,0.427616,0.305286,standing
2026-04-28T00:20:34.143582+00:00,1777335634143,acc,-0.177082,0.975887,-0.092078,standing
2026-04-28T00:20:34.144058+00:00,1777335634144,acc,-0.185871,0.975398,-0.091102,standing
2026-04-28T00:20:34.144610+00:00,1777335634144,acc,-0.176105,0.961238,-0.098914,standing
2026-04-28T00:20:34.248488+00:00,1777335634248,acc,-0.174641,0.960262,-0.092566,standing
2026-04-28T00:20:34.383492+00:00,1777335634383,acc,-0.167316,0.959285,-0.095984,standing
2026-04-28T00:20:34.420989+00:00,1777335634420,gyro,-1.404657,-1.648834,-1.404731,standing
2026-04-28T00:20:34.421499+00:00,1777335634421,acc,-0.168293,0.959773,-0.094520,standing
2026-04-28T00:20:34.422095+00:00,1777335634422,acc,-0.189289,0.980770,-0.074012,standing
2026-04-28T00:20:34.443379+00:00,1777335634443,acc,-0.186848,0.971004,-0.084266,standing
2026-04-28T00:20:34.443945+00:00,1777335634443,acc,-0.189289,0.972957,-0.084754,standing
2026-04-28T00:20:34.444600+00:00,1777335634444,acc,-0.187824,0.974910,-0.085242,standing
2026-04-28T00:20:34.548459+00:00,1777335634548,gyro,0.427504,0.732976,0.671719,standing
2026-04-28T00:20:34.593453+00:00,1777335634593,acc,-0.187336,0.975887,-0.086707,standing
2026-04-28T00:20:34.594017+00:00,1777335634593,acc,-0.177570,0.974422,-0.091590,standing
2026-04-28T00:20:34.594603+00:00,1777335634594,gyro,-0.305360,0.732976,0.732791,standing
2026-04-28T00:20:34.893498+00:00,1777335634893,mag,45.600002,0.500000,7.100000,standing
2026-04-28T00:20:34.894000+00:00,1777335634893,acc,-0.173176,0.977840,-0.091590,standing
2026-04-28T00:20:34.938546+00:00,1777335634938,acc,-0.177082,0.967586,-0.088172,standing
2026-04-28T00:20:34.939021+00:00,1777335634939,acc,-0.172688,0.964168,-0.090613,standing
2026-04-28T00:20:34.975987+00:00,1777335634975,acc,-0.173664,0.971004,-0.084754,standing
2026-04-28T00:20:34.976516+00:00,1777335634976,gyro,-0.366432,-2.259555,-1.465803,standing
2026-04-28T00:20:35.043410+00:00,1777335635043,acc,-0.173664,0.973445,-0.082801,standing
2026-04-28T00:20:35.320973+00:00,1777335635320,acc,-0.190266,0.976375,-0.087195,standing
2026-04-28T00:20:35.703256+00:00,1777335635703,gyro,-0.427504,2.626209,-0.244362,standing
2026-04-28T00:20:35.770979+00:00,1777335635770,acc,-0.191730,0.974910,-0.089148,standing
2026-04-28T00:20:35.808393+00:00,1777335635808,acc,-0.182941,0.980770,-0.087684,standing
2026-04-28T00:20:35.913389+00:00,1777335635913,acc,-0.183430,0.974910,-0.082313,standing
2026-04-28T00:20:36.041069+00:00,1777335636041,acc,-0.177082,0.976375,-0.082801,standing
2026-04-28T00:20:36.086024+00:00,1777335636085,gyro,-0.549648,1.710129,0.183142,standing
2026-04-28T00:20:36.086582+00:00,1777335636086,mag,46.000000,-0.600000,6.300000,standing
2026-04-28T00:20:36.191035+00:00,1777335636191,acc,-0.183430,0.971980,-0.088660,standing
2026-04-28T00:20:36.191626+00:00,1777335636191,gyro,-0.061072,3.359074,-0.183290,standing
2026-04-28T00:20:36.192220+00:00,1777335636192,acc,-0.191242,0.975887,-0.090125,standing
2026-04-28T00:20:36.430982+00:00,1777335636430,acc,-0.183430,0.973445,-0.086707,standing
2026-04-28T00:20:36.431591+00:00,1777335636431,acc,-0.172199,0.965633,-0.092078,standing
2026-04-28T00:20:36.432102+00:00,1777335636432,gyro,-0.183216,-1.221330,-0.061146,standing
2026-04-28T00:20:36.468560+00:00,1777335636468,acc,-0.173664,0.965145,-0.089637,standing
2026-04-28T00:20:36.469054+00:00,1777335636469,acc,-0.186359,0.969051,-0.090613,standing
2026-04-28T00:20:36.535912+00:00,1777335636535,gyro,-0.427504,-1.343474,-0.000074,standing
2026-04-28T00:20:36.536468+00:00,1777335636536,acc,-0.175129,0.971492,-0.090125,standing
2026-04-28T00:20:36.537086+00:00,1777335636537,gyro,0.183216,-3.908500,0.610646,standing
2026-04-28T00:20:36.641034+00:00,1777335636641,acc,-0.176105,0.976863,-0.085242,standing
2026-04-28T00:20:36.641531+00:00,1777335636641,gyro,-0.488576,-0.977042,-0.427578,standing
2026-04-28T00:20:36.918545+00:00,1777335636918,acc,-0.167805,0.969051,-0.095496,standing
2026-04-28T00:20:37.091217+00:00,1777335637091,acc,-0.196125,0.979793,-0.086219,standing
2026-04-28T00:20:37.091799+00:00,1777335637091,acc,-0.176594,0.972957,-0.082313,standing
2026-04-28T00:20:37.196053+00:00,1777335637196,acc,-0.181477,0.971004,-0.084266,standing
2026-04-28T00:20:37.368570+00:00,1777335637368,acc,-0.177082,0.967098,-0.090125,standing
2026-04-28T00:20:37.369096+00:00,1777335637369,acc,-0.172199,0.981746,-0.085242,standing
2026-04-28T00:20:37.473484+00:00,1777335637473,acc,-0.174152,0.976375,-0.082801,standing
2026-04-28T00:20:37.495945+00:00,1777335637495,acc,-0.179035,0.975398,-0.088660,standing
2026-04-28T00:20:37.541036+00:00,1777335637541,acc,-0.164875,0.970516,-0.086707,standing
2026-04-28T00:20:37.541527+00:00,1777335637541,gyro,-0.061072,-0.244177,0.122070,standing
2026-04-28T00:20:37.706130+00:00,1777335637706,acc,-0.165363,0.975887,-0.084754,standing
2026-04-28T00:20:37.818345+00:00,1777335637818,gyro,0.000000,0.305471,-0.061146,standing
2026-04-28T00:20:37.818891+00:00,1777335637818,acc,-0.174152,0.970027,-0.082801,standing
2026-04-28T00:20:37.861517+00:00,1777335637861,gyro,0.244288,0.732976,0.244214,standing
2026-04-28T00:20:37.878355+00:00,1777335637878,acc,-0.173176,0.969051,-0.080359,standing
2026-04-28T00:20:37.879139+00:00,1777335637879,acc,-0.175129,0.973934,-0.084754,standing
2026-04-28T00:20:37.879776+00:00,1777335637879,gyro,-0.061072,0.061183,-0.305434,standing
2026-04-28T00:20:38.156087+00:00,1777335638156,acc,-0.175129,0.978328,-0.091590,standing
2026-04-28T00:20:38.156673+00:00,1777335638156,gyro,-0.427504,0.977264,-0.244362,standing
2026-04-28T00:20:38.223615+00:00,1777335638223,acc,-0.177570,0.974910,-0.089637,standing
2026-04-28T00:20:38.224116+00:00,1777335638224,acc,-0.163898,0.969539,-0.092078,standing
2026-04-28T00:20:38.261041+00:00,1777335638261,gyro,-0.305360,2.137633,-0.427578,standing
2026-04-28T00:20:38.261575+00:00,1777335638261,acc,-0.181965,0.969051,-0.090125,standing
2026-04-28T00:20:38.262140+00:00,1777335638262,acc,-0.183430,0.975398,-0.086707,standing
2026-04-28T00:20:38.478516+00:00,1777335638478,gyro,-0.427504,1.954417,0.183142,standing
2026-04-28T00:20:38.583603+00:00,1777335638583,acc,-0.176105,0.975398,-0.087195,standing
2026-04-28T00:20:38.584004+00:00,1777335638583,acc,-0.177082,0.973934,-0.091590,standing
2026-04-28T00:20:38.928519+00:00,1777335638928,gyro,0.000000,1.343696,-0.122218,standing
2026-04-28T00:20:38.928996+00:00,1777335638928,acc,-0.174641,0.975398,-0.090613,standing
2026-04-28T00:20:39.033543+00:00,1777335639033,acc,-0.167805,0.972957,-0.088172,standing
2026-04-28T00:20:39.034042+00:00,1777335639034,acc,-0.187824,0.973934,-0.086707,standing
2026-04-28T00:20:39.243557+00:00,1777335639243,gyro,0.305360,3.298002,-0.122218,standing
2026-04-28T00:20:39.244079+00:00,1777335639244,acc,-0.176105,0.972469,-0.090613,standing
2026-04-28T00:20:39.244652+00:00,1777335639244,acc,-0.181477,0.976863,-0.086707,standing
2026-04-28T00:20:39.310844+00:00,1777335639310,gyro,-0.549648,-0.977042,-0.366506,standing
2026-04-28T00:20:39.415868+00:00,1777335639415,acc,-0.174152,0.966121,-0.088660,standing
2026-04-28T00:20:39.416410+00:00,1777335639416,acc,-0.175129,0.972957,-0.095008,standing
2026-04-28T00:20:39.417039+00:00,1777335639417,gyro,-0.061072,0.366543,-0.244362,standing
